id;team_identifier;ans_artifact;ans_correction_method_ica;ans_correction_method_ssp;ans_correction_method_cca;ans_correction_method_asr;ans_correction_method_unknown;ans_correction_method_other;ans_correction_method_desc;ans_ica_algo;ans_ica_algo_desc;ans_bad_comp_sel_visual;ans_bad_comp_sel_thresh;ans_bad_comp_sel_plugin;ans_bad_comp_sel_unknown;ans_bad_comp_sel_other;ans_bad_comp_sel_desc;ans_thresh_method;ans_plugin_desc;ans_artifact_corrected_eyeblink;ans_artifact_corrected_heye_mov;ans_artifact_corrected_muscle;ans_artifact_corrected_cardiac;ans_artifact_corrected_ch_noise;ans_artifact_corrected_line_noise;ans_artifact_corrected_unknown;ans_artifact_corrected_other;ans_artifact_corrected_desc;ans_artifact_other_hp;ans_artifact_comments;time_submitted
13;Kaiser Soze;1;1;0;0;0;0;0;;fastICA;;1;0;0;0;0;;;;1;1;0;0;0;0;0;0;;;;2022-05-09 23:14:43
14;bd3077a83b5b16bd;1;1;0;0;0;0;0;;fastICA;;0;0;0;0;1;We computed the EOG epochs and performed correlations between EOG activity and ICA components to identify eye-related artefacts;N/A;;1;1;0;0;0;0;0;0;;;;2022-05-09 23:35:46
15;bd3077a83b5b16bd;1;1;0;0;0;0;0;;fastICA;;0;0;0;0;1;We computed the EOG epochs and performed correlations between EOG activity and ICA components to identify eye-related artefacts;N/A;;1;1;0;0;0;0;0;0;;;;2022-05-09 23:35:47
16;0c87f7355ce7ec6d;1;1;0;0;0;0;0;;fastICA;;1;0;0;0;1;Visual inspection based on time course, topography, and coherence with EOG channels;;;1;1;0;0;0;0;0;0;;;;2022-05-09 23:40:22
17;f5e788cb73eec086;0;0;0;0;0;0;0;;;;0;0;0;0;0;;;;0;0;0;0;0;0;0;0;;;I did not apply any artefact rejection on the data.;2022-05-09 23:43:52
18;ENSLab;1;1;0;0;0;0;0;;ex_infomax;;1;0;1;0;0;;;ICLabel;1;1;1;0;1;0;0;0;;;;2022-05-10 08:30:07
19;7f3fe2bc79a9d3f9;0;0;0;0;0;0;0;;;;0;0;0;0;0;;;;0;0;0;0;0;0;0;0;;;;2022-05-10 10:07:01
20;344dd59ded90cb34;1;1;0;0;0;0;0;;fastICA;;1;0;0;0;0;;n.a.;;1;1;0;0;0;0;0;0;;;;2022-05-10 11:54:49
21;344dd59ded90cb34;1;1;0;0;0;0;0;;fastICA;;1;0;0;0;0;;n.a.;;1;1;0;0;0;0;0;0;;;Note that we applied the ICA to strongly high and low pass filtered data (1Hz and 40hz), but then removed these components from the unfiltered data;2022-05-10 11:56:20
22;04b28b5356eb17bd;1;1;0;0;0;0;0;;infomax;runica;0;0;1;0;0;;;ICLabel;1;1;0;0;0;0;0;0;;;;2022-05-10 12:09:12
23;baba120af1f1caca;1;1;0;0;0;0;0;;infomax;;0;0;1;0;0;;ICLabel excludes components based on threshold of similarity between the component and the relative flag. ICLabel uses 7 flags where I set up the follwing range of similarities value percentage for re;ICLabel;1;1;1;1;1;1;0;0;;;;2022-05-10 12:11:01
24;1497d4b19bba4f30;1;1;0;0;0;0;0;;ex_infomax;;1;0;0;0;0;;;;1;1;0;1;0;1;0;0;;;;2022-05-10 12:28:37
25;1e41774b7169df7d;1;1;0;0;0;0;0;;unknown;Default method in Fieldtrip;1;0;0;0;0;;N/A;;1;1;1;1;1;0;0;0;;;;2022-05-10 12:42:19
26;CIMHPipe;1;1;0;0;0;0;0;;picard;;0;0;1;0;0;;automatically look for highest correlation from EOG channels to component;mne.preprocessing.ICA;1;1;0;0;0;0;0;0;;;;2022-05-10 13:10:59
27;962658984e31030d;1;1;0;0;0;0;0;;unknown;;0;0;1;0;0;;N/A;ADJUSTd;1;1;0;0;0;0;0;1;Data discontinuities;;;2022-05-10 15:26:31
28;b78245f9464a1398;1;1;0;0;0;0;0;;infomax;;1;0;0;0;0;; ;;1;1;1;1;0;0;0;0;;;;2022-05-10 15:38:23
29;d18fa8d3caaf88cf;1;1;0;0;0;0;0;;ex_infomax;;1;0;0;0;0;;N/A;;1;1;1;0;1;1;0;0;;;;2022-05-10 16:32:58
30;19068f1fe266c5e1;1;1;0;0;0;0;0;;ex_infomax;;0;0;1;0;0;;;pop_runica;1;0;0;0;0;0;0;0;;N/A;No ICA components were detected ;2022-05-10 16:41:28
31;93af9133e6fa6cf5;1;1;0;0;0;0;0;;unknown;;1;0;1;0;0;;;ICLabel;1;1;1;0;1;1;0;0;;;;2022-05-10 17:14:40
32;4e65b329e7e27005;1;1;0;0;0;0;0;;amica;;0;0;1;0;0;;"More than 90% probability of being a muscle component 
Components that were classified as most probably being an eye component (no threshold).";ICLabel;1;1;1;0;0;0;0;0;;;"The ICA was performed on continuous 1Hz high-pass filtered data, in which we removed periods where no marker was present for more than 5 seconds, and which was downsampled to 100 Hz.
The weights were";2022-05-10 17:30:53
33;02b9138753429402;0;0;0;0;0;0;0;;;;0;0;0;0;0;;;;0;0;0;0;0;0;0;0;;;;2022-05-10 17:46:10
34;02b9138753429402;0;0;0;0;0;0;0;;;;0;0;0;0;0;;;;0;0;0;0;0;0;0;0;;;;2022-05-10 17:46:19
35;92eff34d631e5d43;1;1;0;0;0;0;0;;ex_infomax;;1;0;1;0;0;;;ICLabel;1;1;1;1;1;1;0;0;;;;2022-05-10 18:20:41
36;463594c97c98f36d;1;1;0;0;0;0;0;;infomax;;1;0;0;0;0;;;;1;1;0;0;0;0;0;0;;;;2022-05-10 18:29:30
37;0bc9ee704db74104;1;1;0;0;0;0;0;;fastICA;;1;0;0;0;1;Manual selection was guided by correlation of ICs with EOG channels (VEOG, HEOG) ;;;1;1;0;0;0;0;0;0;;;;2022-05-10 18:31:31
38;SCNeurophysiologyLab;1;1;0;0;0;0;0;;infomax;;1;0;0;0;0;;;;1;1;1;1;1;1;0;1;Sweating;;;2022-05-10 19:01:16
39;4dc16bcffc6daf9b;1;1;0;0;0;0;0;;fastICA;;0;0;1;0;0;;;ICLabel;1;1;1;1;1;0;1;0;;;;2022-05-10 19:05:38
40;724143462c318037;1;1;0;1;0;0;0;;infomax;;1;1;1;0;0;;ICA components that were labeled as an eye component with at least 80% confidence by EEGLAB were identified as bad components. If the canonical correlation between a component and any one of the EOG s;pop_runica;1;1;0;0;0;0;0;0;;;;2022-05-10 20:40:00
41;a0cf32754296214f;1;1;0;0;0;0;0;;fastICA;;0;1;0;0;0;;similarity more than 2 standard deviations above the mean value of the similarities to vEOG and hEOG;;1;1;0;0;0;0;0;0;;;;2022-05-10 21:39:07
42;cba9657d4b55f7ca;1;1;0;0;0;0;0;;ex_infomax;;1;0;1;0;0;;;SASICA;1;1;1;0;1;0;0;1;Rare events (focal trial activity);;;2022-05-11 00:40:15
43;TMS-EEG-DREAM;1;1;0;0;0;0;0;;fastICA;;0;0;1;0;0;;"we used ""EEGlab-IClabel"" to remove components above 90% likelihood of being either Muscle, eye, heart, line noise, or channel noise";;1;1;1;1;1;1;0;0;;;;2022-05-11 02:11:03
44;3c3e6dcb5308c22e;1;1;0;0;0;0;0;;other;CUDAICA;1;0;0;0;0;;;;1;1;0;0;0;0;0;0;;;;2022-05-11 06:32:19
45;CognitiveSystems-KU;1;1;0;0;0;0;0;;amica;;0;0;1;0;0;;With ICLabel, components classified as EYE or MUSCLE with a probability of higher than 0.8 were identified as bad components and removed.;ICLabel;1;1;1;0;0;0;0;0;;;;2022-05-11 09:02:07
46;d9a070789fe1b133;1;1;0;0;0;0;0;;ex_infomax;;0;0;1;0;0;;We did not use thresholding method.;ICLabel;1;1;0;0;1;0;0;0;;;EEGLAB;2022-05-11 10:13:12
47;53e7528dd1a9b39c;1;1;0;0;0;0;0;;amica;;0;0;1;0;0;;"Plugin: ICLabel
If the most dominant vector of the IC was labeled as class ""Muscle"", ""Eye"", ""Heart"", ""Line Noise"", or ""Channel Noise"", the respective IC was excluded.";ICLabel;1;1;1;1;1;1;0;0;;;;2022-05-11 10:51:58
48;832639794ec94f87;1;1;0;0;0;0;0;;infomax;;1;0;0;0;0;;;;1;1;0;1;1;0;0;0;;;We run ICA with 0.5Hz high-pass filtered data with bad segments removed. However, we then back-projected the data to non-highpass filtered data and all the epochs. Afterwards, we did the visual inspec;2022-05-11 12:05:38
49;f68b7096e0e9c0d2;1;1;0;0;0;0;0;;infomax;;0;0;1;0;0;;"components that were identified as component ""eye"" with a likelihood of over 30%";ICLabel;1;1;0;0;0;0;0;0;;;;2022-05-11 13:56:25
50;0ba1c7f1dafc1134;1;1;0;0;0;0;0;;fastICA;;0;0;1;0;0;;;MNE;1;1;0;0;0;0;0;0;;;;2022-05-11 14:03:15
51;c58937f04a3551aa;1;1;0;0;0;0;0;;infomax;;1;0;0;0;0;;;;1;1;0;1;0;1;0;0;;;;2022-05-11 14:20:30
52;gNeC;1;1;0;0;1;0;0;;unknown;;0;1;1;0;0;;In ASR, data segments were corrected if they deviated 20 standard deviations from the clean segments.;MARA;1;1;1;0;1;0;0;0;;;;2022-05-11 14:31:15
53;93bb9e17b21ac1b6;1;0;0;0;0;0;1;Ocular Correction Gratton & Coles, Raw Data Inspection, Artifact Rejection;;;0;0;1;0;0;;In the first artefact correction ocular artefacts were corrected using the ocular correction from Gratton & Coles with the following settings (implemented in Brain Vision Analyzer, Version 2.1.2.327):;Brain Vision Analyzer;1;1;1;1;1;1;0;0;;;;2022-05-11 16:03:12
54;8b8bb53a403750d9;1;1;0;0;0;0;0;;infomax;;1;0;1;0;0;;no;ICLabel;1;1;0;1;0;0;0;0;;no;no;2022-05-11 16:16:46
55;c1a5013b850d9b0a;1;1;0;0;0;0;0;;fastICA;;1;0;0;0;0;;;;1;0;0;0;0;0;0;0;;;;2022-05-11 16:30:49
56;694028366488e777;1;1;0;0;0;0;0;;infomax;;1;0;0;0;0;;;;1;1;0;1;1;0;0;0;;;;2022-05-11 16:55:17
57;The Hanncanny;1;1;0;0;0;0;0;;infomax;;1;0;1;0;0;;;SASICA;1;1;1;0;1;0;0;0;;;;2022-05-11 16:58:24
58;ab8e0f351c5e3fe3;1;1;0;0;0;0;0;;infomax;;0;0;1;0;0;;Reject ICs within the 30 first ICs and with less than 5% chance to account for brain activity;ICLabel;1;1;1;1;1;1;0;0;;;;2022-05-11 19:28:50
59;e146a94b29a41713;1;1;0;0;0;0;0;;fastICA;;1;0;0;0;0;;NA;;1;1;0;1;0;0;0;0;;;;2022-05-11 22:24:36
60;db40ed62b3cf9ae9;1;1;0;0;0;0;0;;picard;;1;0;1;0;0;The SASICA toolbox guided visual inspection;na;SASICA;1;1;1;0;1;0;0;1;"""Other"" were artefacts that were a mixture of the above, or white noise, for example";;;2022-05-12 03:31:27
61;488abe5e0f5fa0f9;1;1;0;0;0;0;0;;unknown;;1;0;0;0;0;;;;1;1;0;0;1;0;0;0;;;;2022-05-12 05:32:14
62;368556ccbd31d963;1;1;0;0;0;0;0;;infomax;;0;0;1;0;0;;;MARA;0;0;0;0;0;0;1;0;;;MARA plugin;2022-05-12 05:49:53
63;92d1077ce8f488a9;1;1;0;0;0;0;0;;infomax;;0;0;1;0;0;;set artifact probability as 0.9;MARA;1;1;0;0;1;1;1;0;;;;2022-05-12 07:15:30
64;791ae888506dc374;1;1;0;0;0;0;0;;infomax;;0;0;1;0;0;;;ICLabel;1;1;1;1;1;1;0;0;;;;2022-05-12 09:44:56
65;7e05fa9e0f3d490f;1;1;0;0;0;0;1;Automatic artifact rejection;infomax;;0;0;1;0;0;;n/a;ADJUST;1;1;1;0;1;0;1;0;;;;2022-05-12 09:51:48
66;9783d08ae577eb9;1;1;0;0;0;0;0;;amica;;1;0;1;0;0;;We used visual inspection;;1;1;1;1;1;1;0;0;;;;2022-05-12 10:22:44
67;8107271d26b4e6ce;1;1;0;0;0;0;0;;infomax;;1;0;0;0;0;;;;1;1;0;1;0;0;0;0;;;;2022-05-12 11:40:56
68;60197350a0c2b888;1;1;0;0;0;0;0;;infomax;;0;0;1;0;1;;;ICLabel;1;1;1;1;1;1;1;0;;;;2022-05-12 12:25:25
69;Translational and Cognitive Neuroimaging Laboratory;1;1;0;0;0;0;0;;infomax;;1;0;0;0;0;;/;;1;1;0;1;1;0;0;0;;/;/;2022-05-12 14:40:05
70;da33cf2264c9baa2;1;1;0;0;0;0;0;;fastICA;;1;0;0;0;0;;;;1;1;0;0;0;0;0;0;;;;2022-05-12 15:05:58
71;Best of BESA;1;1;0;0;0;0;0;;ex_infomax;;1;0;0;0;0;;Not used.;;1;1;0;0;0;0;0;0;;;;2022-05-12 15:17:15
72;4f94a7cff1582ba8;1;1;0;0;0;0;0;;infomax;Infomax restricted;1;0;0;0;0;;;;1;1;0;1;0;0;0;0;;;;2022-05-12 15:55:58
73;8c587a4cbf53865d;1;1;0;0;0;0;0;;fastICA;;1;0;1;0;0;;;ica.find_bads_eog;1;1;0;1;0;0;0;0;;;;2022-05-12 16:22:58
74;03f53ea2afe035fd;1;1;0;0;0;0;0;;infomax;;1;0;0;0;0;;;;1;1;1;1;1;0;0;0;;;;2022-05-12 16:43:06
75;c58937f04a355198;1;1;0;0;0;0;0;;ex_infomax;;1;0;0;0;0;;;;1;1;1;1;1;0;0;0;;;;2022-05-12 16:48:31
76;3036fe9bffd01a2a;1;0;0;0;0;0;1;Ocular artifacts were corrected using the Gratton, Coles and Donchin method (1983), implemented in Brain Vision Analyzer.;;;0;0;0;0;1;Not applicable as we did not use ICA.;Not applicable.;;1;1;0;0;0;0;0;0;;No deviation.;No deviation.;2022-05-12 17:55:10
77;129c99e90c45f38c;1;1;0;0;0;0;0;;ex_infomax;;0;0;1;0;0;;;EyeCatch;1;1;0;0;0;0;0;0;;;;2022-05-12 18:08:31
78;73473e3e1798d1d2;1;1;0;0;0;0;0;;infomax;;0;0;1;0;0;;;MARA, ADJUST1.1.1, SASICA;1;1;1;1;1;1;0;0;;;;2022-05-12 18:20:40
79;dad87b78054de49d;1;1;0;0;0;0;0;;amica;;0;0;1;0;0;;"ARtefact: Brain, Muscle, Eye, Heart, Line Noise, Channel Noise, Other.
Flagging: [NaN NaN;0.8 1;0.8 1;0.8 1;0.8 1;0.8 1;NaN NaN]);

Thus e.g. muscle between 0.8 and 1 was flagged.";ICLabel;1;1;1;1;1;0;0;0;;;;2022-05-12 18:28:34
80;37ddc3bdb7342c83;1;1;0;0;0;0;0;;;runica: pop_runica(EEG, 'icatype', 'runica', 'extended', 1, 'pca',50);0;0;1;0;0;;"We used IClabel with default parameters.
If an IC had a probability of >10% of being classified as eyemovement, heart, line noise; or a probability of >50% of being classified as muscle activity the";ICLabel;1;1;1;1;1;1;0;0;;;;2022-05-12 19:45:02
81;5a5918ffce98de10;1;1;0;0;0;0;0;;ex_infomax;;1;0;1;0;0;;;SASICA;1;1;1;1;1;0;0;0;;;We used the SASICA plugin for visualizing and double-checking our visual inspection (resulting in fewer rejected ICA components than as suggested by SASICA).;2022-05-12 19:56:49
82;8b7719c916df0670;1;1;0;0;0;0;0;;other;RUNICA;1;0;0;0;0;;;;1;0;0;0;0;0;0;0;;;;2022-05-12 20:37:15
83;2968df3b1e9bd676;1;1;0;0;0;0;0;;infomax;;1;0;0;0;0;;;;1;1;1;0;1;0;0;0;;;;2022-05-12 22:46:55
84;c577d3cdf78548ce;1;0;0;0;0;0;1;Regression with the EOG electrodes;;;0;0;0;0;0;;;;1;0;0;0;0;0;0;0;;;;2022-05-12 23:10:52
85;223dfd3c429d0e79;1;0;0;0;0;0;1;The signal from the EOG channels was regressed out of all other channels.;;;0;0;0;0;0;;;;1;1;0;0;1;0;0;0;;;"To regress EOG channels, we used a custom script based around the ""regress"" function in MATLAB.";2022-05-13 05:05:36
86;Jack Lab;0;0;0;0;0;0;0;;;;0;0;0;0;0;;;;0;0;0;0;0;0;0;0;;;;2022-05-13 06:09:07
87;e13e7e07b99d853b;1;1;0;0;0;0;0;;picard;;0;0;1;0;0;;;MNE ICA.find_bads_eog;1;1;0;0;0;0;0;0;;;;2022-05-13 07:09:15
88;2e6f06d6e89db2ca;1;1;0;0;0;0;0;;infomax;;0;0;1;0;0;;;MARA;1;1;1;1;0;0;0;0;;;;2022-05-13 09:44:13
89;f2101fb6fdd45635;1;1;0;0;0;0;0;;fastICA;;0;0;1;0;0;;"Components were identified as bad if their ICLabel ""brain"" label probability was < 0.7 or their dipfit residual variance < 0.15";ICLabel;0;0;0;0;0;0;1;0;;;"IC components were first identified as bad according to their IClabel ""brain"" probability and dipfit residual variance. This automatic identification guided subsequent visual inspection. ";2022-05-13 11:34:44
90;Varuwa;1;1;0;0;0;0;0;;picard;;1;0;0;0;1;Automated eye component detection with EOG channels;;MNE ICA.find_bads_eog;1;0;0;0;0;0;0;0;;;;2022-05-13 12:00:05
91;d7303b34d38b2a18;1;1;0;0;0;0;1;pop_artmwppth and pop_artextval erplab functions for artifact marking, then rejected them manually;ex_infomax;;1;0;1;0;0;;;;1;1;1;1;1;1;0;0;;;"Parameters for the artifact marking functions:

EEG = pop_artmwppth( EEG , 'Channel', [ 1,33, 34 ], 'Flag', 1, 'Threshold', 100, 'Twindow', [ -999.2 1998.0], 'Windowsize', 200, 'Windowstep', 100 );";2022-05-13 12:04:54
92;1559fd3bafe5582c;1;0;0;0;0;0;1;Gratton & Coles occular correction;;;0;0;0;0;0;;;;1;1;0;0;0;0;0;0;;;BrainVisionAnalyzer 2.2;2022-05-13 12:13:57
93;ff8cd5ce3123a097;1;1;0;0;0;0;0;;infomax;;1;0;0;0;1;correlation of component timecourses with EOG channels;N/A;;1;1;0;0;0;0;0;0;;;;2022-05-13 12:15:49
94;b47e0e61375f4d31;1;1;0;0;0;0;0;;infomax;;1;0;1;0;0;;;;1;0;0;0;0;0;0;0;;;;2022-05-13 12:19:13
95;3dc2c5916354971b;1;0;0;1;0;0;0;;;;1;1;0;0;0;;For CCA correction, I remove components with autocorrelation scoures lower than 0.9.;bsscca.m;1;0;1;0;1;1;0;0;;;I use the method proposed by Chen et al. to remove EMG and line noise (from subject No. 16 to subject No. 33) and vertical EOG (all subjects).;2022-05-13 12:29:02
96;9ab142ee3786b57b;1;1;0;0;0;0;0;;unknown;;0;0;1;0;0;;"Brain>= 0.7, brain components contribute more than 70% of the component are considered good
rvList < 0.15, components that have a residual variance of less than 15% of the IC scalp maps are considere";ICLabel;1;1;1;1;1;1;0;0;;;;2022-05-13 12:54:30
97;cac46c946621bc7c;1;1;0;0;0;0;0;;infomax;;0;0;1;0;0;;"* Excluded Independent Components (greater than; smaller than): 
 		 Brain Threshold:  
 		 Muscle Threshold: 0.8; 1 
 		 Heart Threshold: 0.8; 1 
 		 Eye Threshold: 0.8; 1 
 		 Line Noise Thres";ICLabel;1;1;1;1;1;1;0;0;;;;2022-05-13 13:02:19
98;ae58d64de88cfd4e;1;1;0;0;0;0;0;;infomax;;1;0;0;0;0;;;;1;1;1;1;1;1;0;0;;;;2022-05-13 13:27:47
99;17a098cf2c77f087;1;1;0;0;0;0;0;;fastICA;;1;0;0;0;0;;no;;1;1;1;0;1;0;0;0;;no;no;2022-05-13 14:46:41
100;9985e8ae6679b0e2;0;0;0;0;0;0;0;;;;0;0;0;0;0;;;;0;0;0;0;0;0;0;0;;;;2022-05-13 15:09:55
101;HSU-HH;1;1;0;0;0;0;0;;picard;;1;0;0;0;0;;none;;1;1;0;0;0;0;0;0;;;;2022-05-13 16:15:16
102;f51bd6c2779b2256;1;1;0;0;0;0;0;;infomax;;0;0;1;0;0;;ICLabel: >70% eye/heart artifact;EEGLAB;1;0;0;1;0;0;0;0;;;;2022-05-13 16:48:26
103;ed45c2f3b0136a24;1;1;0;0;1;0;0;;infomax;;1;0;0;0;0;;Visual inspection;;1;1;1;1;1;1;0;0;;;;2022-05-13 16:49:04
104;2f7c7b90372f9c9e;1;0;0;0;0;0;1;Gratton and Coles for ocular correction, semi-automatic artifact rejection implemented in BrainVision;;;1;1;1;0;0;;Amplitude >35 µV, 200ms before and after event. Maximal allowed difference of values in intervals 100 µV. Interval lenght 800ms. Marked as bad: 200ms before and after event. Lowest allowed activity in;Brain Vision Analyzer;1;1;1;0;1;1;1;0;;;;2022-05-13 16:53:18
105;The Code Mechanics;1;1;0;0;0;0;0;;picard;;0;0;1;0;0;;;MNE ICA.find_bads_eog;1;1;0;0;0;0;0;0;;;;2022-05-13 17:02:14
106;f957e6a116a37043;1;1;0;0;0;0;0;;other;Autoreject ica;0;0;0;0;1;Autoreject ica;Automatically clean epochs object using MNE-Python. ;;0;0;0;0;0;0;1;0;;;;2022-05-13 17:45:20
107;2e4d2cacd563238a;1;1;0;0;0;0;0;;fastICA;;0;0;0;0;1;Correlation with EOG time-courses;> .4 correlation;fastICA;1;1;0;0;0;0;0;0;;;;2022-05-13 18:06:43
108;1291ad7d784e90e5;1;1;0;0;0;0;0;;infomax;;0;0;1;0;0;;;ICLabel;1;1;1;0;0;0;0;0;;;;2022-05-13 18:08:12
109;861c06b5c483cd72;1;1;0;0;0;0;0;;ex_infomax;;0;0;1;0;0;;;ICLabel;1;1;1;0;1;0;0;0;;;;2022-05-13 18:22:58
110;ba2732f7a065a4b9;0;0;0;0;0;0;0;;;;1;0;0;0;0;;;;0;0;0;0;0;0;0;0;;;;2022-05-13 18:38:06
111;90420442f22fa870;1;1;0;0;0;0;0;;picard;;1;0;0;0;1;Correlation of ICA time-courses with EOG channels that exceeded a z-scored correlation of 3. Further we performed visual inspection of the ICA components to identify obvious eyeblink artefacts.;We did not use a thresholding method;MNEPython;1;1;0;0;0;0;0;0;;;;2022-05-13 18:40:19
112;9d3d45fd8b94d843;1;1;0;0;0;0;0;;infomax;;0;0;1;0;0;;Not applicable;ICLabel;1;1;1;1;1;1;0;0;;;;2022-05-13 18:56:21
113;4f9aeed964836381;1;1;0;0;0;0;0;;infomax;;1;0;0;0;0;;not used;;1;1;0;1;0;1;0;0;;;line noise and cardiac artifacts were only removed in 2-3 subjects;2022-05-13 19:05:21
114;f92a1d6a49d0d40a;1;1;0;0;0;0;0;;infomax;;1;0;0;0;0;;;;1;1;1;0;1;0;0;0;;;;2022-05-13 20:09:11
115;19e8ad8bf94af489;1;1;0;0;0;0;0;;picard;;1;1;0;0;0;;We used ica.find_bads_eog(epochs, ch_name='VEOG', measure='zscore') on HEOG, VEOG, and both channels combined. We used the default thresholds to identify potential eog-artefacts (these were checked vi;MNE ICA.find_bads_eog;1;1;1;1;0;0;0;1;Spike trains, high amplitude fluctutations of specific components.;;"To improve ICA estimation, we created a copy of the ""raw"" data set and applied an additional highpass filter at 1 Hz. The copy was then epoched, based on the events (-0.5 - 2.0 s) and epochs were reje";2022-05-13 21:59:29
116;8559e4d7314e45ec;1;1;1;0;0;0;0;;fastICA;;1;0;0;0;0;;We did not use a thresholding method.;;1;1;1;1;1;1;0;0;;;;2022-05-13 22:33:55
117;TeamKeele;1;1;0;0;0;0;0;;fastICA;;1;0;0;0;0;;n/a;;1;0;0;0;0;1;0;0;;same for all hypotheses;None;2022-05-14 01:26:54
118;26ab3771b0c195f5;1;1;0;0;1;0;0;;infomax;;0;0;1;0;0;;"The independent components were removed if fullfilled two conditions:

1) It is not brain activity
2) The component classification percentage was 
more than half of the brain activity classificati";ICLabel;1;1;1;1;1;1;0;1;Other sources (ICLabel);;;2022-05-14 03:23:37
119;2e4c7afeba24d070;1;1;0;0;0;0;0;;infomax;;1;0;0;0;0;;N/A;;1;1;1;1;1;0;0;0;;N/A;N/A;2022-05-14 03:27:52
120;113303a0ffe91f3b;1;1;0;0;1;0;0;;picard;;0;0;1;0;0;;;;1;1;1;1;1;1;0;0;;;;2022-05-14 09:03:03
121;91ce1477c08b672c;1;1;0;0;1;0;0;;fastICA;;1;1;1;0;0;;In order to aid and guide the final IC selection, brain ICs were initially identified as those having a dipole residual variance (i.e., residual scalp map variance from the projection of the best-fitt;ICLabel;1;1;1;1;1;0;0;1;"Other artifactual ICs were identified as those with: 1) dipole residual variance > 20%; 2) no evoked activity (p<.0001, t-test vs 0); 3) no visible ""physiological"" PSD peaks";;"FastICA was used with a symmetric approach, tanh nonlinearity, and stabilization. 
Every IC was then manually checked do decide the final classification by: 
A) visual inspection of 1) scalp topogra";2022-05-14 09:18:40
122;018ab79008f2e342;1;1;0;0;0;0;0;;fastICA;;0;0;0;0;0;;the default parameters of ICLABEL 1.2.4;ICLabel;1;0;1;0;0;0;0;0;;;;2022-05-14 10:18:41
123;91ce1477c08b672c;1;1;0;0;1;0;0;;fastICA;;1;1;1;0;0;;In order to aid and guide the final IC selection, brain ICs were initially identified as those having a dipole residual variance (i.e., residual scalp map variance from the projection of the best-fitt;ICLabel;1;1;1;1;1;0;0;1;"Other artifactual ICs were identified as those with: 1) dipole residual variance > 20%; 2) no evoked activity (p<.0001, t-test vs 0); 3) no visible ""physiological"" PSD peaks";;Before performing ICA, ASR was performed to correct burst of non-physiological artifactual activity using the EEGLAB clen_rawdata with an SD cutoff of 10 (which was decided to clean data without elimi;2022-05-14 10:41:28
124;dc50b9e1e4c36653;1;1;0;0;0;0;0;;ex_infomax;;1;0;1;0;0;;;ICLabel;1;1;0;1;0;0;0;0;;;;2022-05-14 10:49:37
125;69133905229920b3;1;1;0;0;0;0;0;;fastICA;;1;0;1;0;0;;;MNE ICA.find_bads_eog;1;1;0;0;0;0;0;0;;;;2022-05-14 11:13:16
126;7c793519c38db522;1;1;0;0;0;0;0;;fastICA;;1;0;1;0;0;;;SASICA;1;1;0;0;1;0;0;0;;;Channel noise was not removed, but used to mark bad channels that had survived FASTER rejection. If they were removed, ICA was run again. ;2022-05-14 11:55:54
127;eef1406b3fca3e9c;1;1;0;0;0;0;0;;fastICA;;0;0;1;0;0;;;MNE ICA.find_bads_eog;1;1;0;0;0;0;0;0;;;;2022-05-14 12:12:29
128;c4ed0094fc18efbc;1;1;0;0;0;0;0;;fastICA;;0;1;0;0;0;;Eye movement related components were rejected based on correlation with the vertical and horizontal eog channels, if they exceeded a correlation coefficient of 0.7.;;0;1;0;0;0;0;0;1;vertical eye-movements;;;2022-05-14 13:40:12
129;aa3529f492e8e3af;1;1;0;0;0;0;0;;other;runica;1;0;0;0;0;;n/a;;1;1;1;1;1;1;0;0;;;;2022-05-14 13:59:58
130;ac0f676d6813a969;0;0;0;0;0;0;0;;;;0;1;0;0;0;;Channel with > 20% of trials/epochs with data points > 100 microvolts;;1;1;1;0;1;0;0;0;;;;2022-05-14 16:53:02
131;ff8bf48d04d11c84;1;1;0;0;0;0;0;;fastICA;;1;0;0;0;0;;;;1;1;1;1;1;0;0;0;;;;2022-05-14 18:28:28
132;ea6b1d1870708b82;1;1;0;0;0;0;0;;picard;;1;0;0;0;0;;;;1;1;1;1;1;0;0;0;;;;2022-05-14 18:31:31
133;b0edd369b6d8f4f1;1;1;0;0;0;0;0;;ex_infomax;;0;0;1;0;0;;Correlation > 0.85 with vertical eye movements component template, correlation > 0.9 with horizontal eye movements component template;Corrmap;1;1;0;0;0;0;0;0;;;;2022-05-14 19:27:59
134;8d9ffe6a6752d2af;1;1;0;0;0;0;0;;ex_infomax;;1;0;0;0;0;visual inspection was supported by the information provided by the EEGLAB plugin IClabel on each component;;;1;1;1;1;1;1;0;0;;;;2022-05-14 19:32:58
135;628a18bc8a3d36dd;1;1;0;0;0;0;0;;fastICA;;1;0;0;0;1;Observed correlations between ICA time course and EOG activity;None;;1;1;1;0;1;0;0;0;;;;2022-05-14 20:35:20
136;5e4a7b67b6812512;1;1;0;0;0;0;0;;ex_infomax;;0;0;1;0;0;;"EYE: labelled as eye >95%, ranking 

Cardiac artifacts:  visual inspection of IClable results identified as Heart";ICLabel;1;1;0;1;0;0;0;0;;;;2022-05-14 21:01:30
137;db74f86c9759260c;1;1;0;0;0;0;0;;fastICA;;1;0;0;0;0;;;;1;1;1;0;1;1;0;0;;;;2022-05-14 23:59:41
138;Brainstorm;1;0;1;0;0;0;0;;;;1;0;0;0;0;;;;1;1;0;0;0;0;0;0;;;;2022-05-15 02:28:55
139;401686220bd17d88;1;1;0;0;0;0;0;;infomax;;0;0;1;0;0;;0.85 based on visual inspection;ICLabel;1;1;1;1;1;1;0;0;;;;2022-05-15 02:38:14
140;d5c8ed05b7af02a3;1;0;1;0;0;0;0;;;;1;0;0;0;0;;;;1;0;0;0;0;0;0;0;;;;2022-05-15 04:27:49
141;Chile Maule;1;1;0;0;0;0;0;;infomax;;0;0;0;0;1;A set of criteria using SASICA;I used SASICA and selected bad components based on the spectral properties and the level of correlation with other parameters in SASICA.;SASICA;1;1;1;0;1;0;0;0;;;;2022-05-15 06:32:20
142;38a9af333fc7a6b8;1;1;0;0;0;0;0;;infomax;;0;0;1;0;0;;;ICLabel;1;1;1;1;1;1;0;0;;;;2022-05-15 08:57:21
143;27a31ff4f251781a;1;1;0;0;0;0;0;;other;PCA to reduce demensionality due to interpolated channels;1;0;0;0;0;;;;1;1;0;0;0;0;0;0;;;;2022-05-15 09:20:07
144;bae9793582e0f340;0;0;0;0;0;0;0;;;;0;0;0;0;0;;;;0;0;0;0;0;0;0;0;;;;2022-05-15 10:49:36
145;77fddd91c557626d;1;1;0;0;0;0;0;;fastICA;;1;0;0;0;1;correlation with eye electrodes;No thresholding was used. ;;1;1;0;0;0;0;0;0;;;;2022-05-15 11:59:31
146;CSAI;1;1;0;0;0;0;0;;fastICA;;1;0;0;0;0;;;;1;1;1;0;0;0;0;0;;;;2022-05-15 14:54:47
147;04986d243980b3d8;1;1;0;0;0;0;0;;fastICA;;1;0;0;0;1;find_bads_eog of MNE-python;;;1;1;0;0;1;0;0;0;;;;2022-05-15 17:21:19
148;AACT Team;1;1;0;0;0;0;0;;infomax;;1;0;1;0;0;;Delete 25% using Sum of Squares in VEOG and HEOG;;1;1;1;0;1;1;0;0;;;;2022-05-15 17:37:43
149;6cfb6838a570c17c;0;0;0;0;0;0;0;;;;0;0;0;0;0;;;;0;0;0;0;0;0;0;0;;;;2022-05-15 19:04:05
150;3b8a90cfec1e6dab;1;1;0;0;0;0;0;;fastICA;;1;0;0;0;0;;;;1;1;1;0;1;0;0;0;;;;2022-05-15 21:35:59
151;8966ebbcd4c11329;1;1;0;0;0;0;0;;fastICA;;1;0;0;0;0;;;;1;1;1;0;1;0;0;0;;"For hypotheses 2.b; 2.c; 3.b; 4.b we did not perform this step.";;2022-05-15 22:53:15
152;aa6aa366e9788967;1;1;0;0;0;0;0;;ex_infomax;;1;1;1;0;0;;Components that explained less than 1% of variance were kept per default, except for cases where satisfactory removal of artifacts was not possible. In that case also IC’s explaining less than 1% were;MNE ICA.find_bads_eog;1;1;1;1;1;1;0;0;;;;2022-05-15 23:01:09
153;fc67513ed5c4b400;1;1;0;0;0;0;0;;unknown;;1;0;1;0;0;;;;1;1;0;0;0;0;0;0;;;;2022-05-15 23:52:42
154;3c8c07696fbd0314;0;0;0;0;0;0;0;;;;0;0;0;0;0;;;;0;0;0;0;0;0;0;0;;;;2022-05-16 00:47:15
155;16c61a3f2934b67a;1;1;0;0;0;0;0;;other;Infomax restricted;1;0;0;0;0;;;Brain Vision Analyzer;1;1;0;0;0;0;0;0;;;;2022-05-16 02:22:22
156;00625232e8a8d010.;1;1;0;0;0;0;0;;infomax;;1;0;0;0;0;;We used semiautomatic inspection that highlighted components with correlation with HEOG and VEOG above 30%, these suggestions were always visually inspected.;;1;1;1;0;0;0;0;0;;;;2022-05-16 04:55:13
157;neuro.sfedu;1;1;0;0;0;0;0;;fastICA;;1;0;0;0;1;mne.preprocessing.corrmap  (identifies the best group match to a supplied template);"correlation threshold to automatically detect blink ICA maps in the tool corrmap was 0.9
  eg.:   mne.preprocessing.corrmap(icas, template=(0, 1), threshold=0.9);";Corrmap;1;1;0;0;0;0;0;0;;;;2022-05-16 15:02:46
158;80d914dc5270b2e7;1;1;0;0;0;0;0;;infomax;;0;0;1;0;0;;;ICLabel;1;1;1;1;0;1;0;0;;;;2022-05-17 12:04:51
159;a25b8419335d2131;1;1;0;0;0;0;0;;fastICA;;1;0;0;0;0;;Nope.;;1;0;0;0;0;0;0;0;;;;2022-05-18 00:50:50
160;08de3c5e092173e4;1;1;0;0;0;0;0;;fastICA;;0;1;0;0;0;;Correlation of the ICA component with any of the EOG sensors with a Pearson coefficient > 0.25.;;1;1;0;0;0;0;0;0;;;;2022-05-19 17:18:28
161;e69a83408d1f3811;1;1;0;0;0;0;0;;fastICA;;1;0;0;0;1;Correlation of filtered components with the filtered EOG channels ;Correlation cut-off of 0.7 was used.;MNE ICA.find_bads_eog;1;1;0;0;0;0;0;0;;;;2022-05-21 16:12:58
162;c91e489c4acd0bf4;0;0;0;0;0;0;0;;;;0;0;0;0;0;;;;0;0;0;0;0;0;0;0;;;;2022-05-25 19:30:06
163;7d5750a1b70460c2;1;1;0;0;0;0;0;;infomax;;1;0;0;0;0;;-;;1;1;0;0;0;0;0;0;;;;2022-05-26 15:56:38
164;aaaaf00cc3912121;1;1;0;0;0;0;0;;fastICA;;1;0;0;0;0;;;;1;1;0;0;0;0;0;0;;;;2022-05-28 06:16:13
165;841f7d890725a452;1;1;0;0;0;0;0;;infomax;;1;0;0;0;0;;;;1;1;0;0;0;0;0;0;;;;2022-05-30 08:19:11
166;4c4afab8cb7641de;0;0;0;0;0;0;0;;;;0;0;0;0;0;;;;0;0;0;0;0;0;0;0;;;;2022-05-30 17:35:21
167;c0c75576f9cd0b2a;1;1;0;0;0;0;1;autoreject;ex_infomax;;0;1;0;0;0;;Correlation with component above 0.4;;1;1;0;0;0;0;0;0;;;;2022-05-31 15:45:53
168;6f9edbeaf8fa533f;1;1;0;0;0;0;0;;fastICA;;0;0;0;0;1;Maximal correlation between a component activity and activity on the FP1 and FP2 electrodes;;;1;0;0;0;0;0;0;0;;;;2022-05-31 16:14:00
169;ee8c062e3dc35b1d;1;1;0;0;1;0;0;;infomax;;0;0;1;0;0;;"Component rejection criteria:
	for each category below reject all components for which the
	probability classification is between the two numbers.

Brain 0.0 0.0
Muscle 0.8 1.0
Eye 0.8 1.0
Hear";ICLabel;1;1;1;1;1;1;0;0;;;MATLAB > EGGLAB > ICLABEL V1.3;2022-05-31 19:52:05
170;e37fd347e252962c;1;1;0;0;0;0;0;;ex_infomax;;1;0;1;0;0;;;;1;1;1;1;1;1;0;0;;;;2022-05-31 19:59:57
171;e72d90a6ff4b5108;1;1;0;0;0;0;0;;infomax;;1;0;0;0;0;;;;1;1;0;1;0;0;0;0;;;;2022-05-31 20:28:28
172;533a774ad52b045;1;1;0;0;0;0;0;;other;runica;1;0;1;0;0;visual inspection + aided by ICs marked by SASICA;;;1;1;0;0;0;0;0;0;;;;2022-06-01 02:24:55
173;0a0e092a0c1e6c8f;1;1;0;0;0;0;0;;infomax;;0;0;1;0;0;;;;1;1;1;0;0;0;0;0;;;;2022-06-01 15:24:38
174;9c490673610ca32b;1;0;1;0;0;0;0;;;;0;0;1;0;0;;"To mark the eyeblink artefacts:
spm_eeg_artefact: method = 'eyeblink'; threshold (in stdev) = 4; fraction of trials (or time) with artefacts above which a channel is declared as bad=0.2; channel = VE";SVD;1;0;0;0;0;0;0;0;;Subject 16 : spm_eeg_artefact_eyeblink method the threshold was set to 2 instead of 4;;2022-06-01 15:55:07
175;a28bd183f8dca47f;0;0;0;0;0;0;0;;;;0;0;0;0;0;;;;0;0;0;0;0;0;0;0;;;;2022-06-01 18:34:43
176;9c490673610ca32b;1;0;1;0;0;0;0;;;;0;0;0;0;1;PCA of data around eye-blinks;First 2 PCA components;;1;0;0;0;0;0;0;0;;;;2022-06-01 18:41:37
177;d58e77448897a421;0;0;0;0;0;0;0;;;;1;1;0;0;0;;The EEG signal was visually inspected and then submitted to artifact rejection to detect and remove motion artifacts, eye blinks and eye movements. The ft_artifact_zvalue function and its graphical in;;0;0;0;0;0;0;0;0;;;;2022-06-01 23:14:54
178;356c77bfd2662b9a;1;1;0;0;1;0;0;;amica;;0;0;1;0;0;;We only included ICs for further analysis which were labeled 90% brain at minimum.;ICLabel;1;1;1;1;1;1;0;0;;;;2022-06-02 08:14:30
179;13bef9b0362773b3;1;1;0;0;0;0;0;;infomax;;1;0;0;0;0;;no threshold used.;;1;1;0;0;0;0;0;0;;;;2022-06-02 09:32:25
180;b3a91f02d3e5a9b0;1;1;0;0;0;0;0;;other;binica;0;1;0;0;0;;;;1;1;1;1;1;1;0;0;;;I reviewed with visual inspection the automatic rejection done in FASTER. I acceåpted the default rejection done, but that step could be improved by rejecting more or less componenent.;2022-06-03 18:09:08
181;e2d0d90e5cf594ed;1;1;0;0;0;0;1;"autoreject ""local""";picard;;1;0;0;0;0;;;;1;1;1;0;1;0;0;0;;;"After ICA, we used autoreject (v0.3) ""local"" to identify bad sensors per epoch (see 'Exclusion of data segments' for implementation details). For epochs which were not suggested for rejection, we used";2022-06-07 20:19:19
182;BioBerlin;1;1;0;0;0;0;0;;infomax;;0;0;1;0;1;ICLABEL flagging was combined with the saccade/fixation variance ratio criterion by Plöchl et al., 2021, Frontiers. This method requires saccade events (estimated here using a special EOG reference);"Two methods were used to flag ocular components (corneoretinal, eye lid, myogenic spike potential):

Method 1: ICLABEL extension, used a ""certainty"" threshold of 0.7 for eye components
Method 2: sa";EYE-EEG;1;1;0;0;0;0;0;1;Note: I terms of Muscle artifacts, I only corrected for the saccadic spike potential, an EMG spike at saccade onset, but not for other types of muscular artifacts (e.g. neck musle EMG);;;2022-06-13 15:27:13
183;b965a3f37c262164;1;1;0;0;0;0;0;;infomax;;1;0;0;0;0;;;;1;1;1;1;1;0;0;0;;;;2022-06-14 06:56:33